{
  "recommendation_accuracy": [
    0.8936605316973415,
    0.908997955010225,
    0.9161554192229039,
    0.9212678936605317,
    0.9274028629856851,
    0.9202453987730062,
    0.9161554192229039,
    0.9202453987730062,
    0.9192229038854806,
    0.9171779141104295,
    0.9233128834355828,
    0.9212678936605317,
    0.9212678936605317,
    0.918200408997955,
    0.9212678936605317
  ],
  "pricing_r2": [
    0.9754006279276878
  ],
  "epoch_times": [
    2.196806,
    2.481201,
    3.09113,
    3.150673,
    3.264919,
    3.474,
    3.891604,
    4.206736,
    4.292251,
    4.888879,
    5.124998,
    5.009219,
    5.405113,
    5.500526,
    5.672437
  ],
  "best_epoch": 5,
  "best_accuracy": 0.9274028629856851
}