{
  "recommendation_accuracy": [
    0.8936605316973415,
    0.908997955010225,
    0.9161554192229039,
    0.9212678936605317,
    0.9274028629856851,
    0.9202453987730062,
    0.9161554192229039,
    0.9202453987730062,
    0.9192229038854806,
    0.9171779141104295,
    0.9233128834355828,
    0.9212678936605317,
    0.9212678936605317,
    0.918200408997955,
    0.9212678936605317
  ],
  "pricing_r2": [
    0.9754006279276878
  ],
  "epoch_times": [
    2.219291,
    2.520263,
    2.831901,
    3.196269,
    3.480489,
    3.684997,
    4.077706,
    4.292912,
    4.51254,
    4.825896,
    4.947617,
    5.189581,
    5.737935,
    5.859458,
    5.706928
  ],
  "best_epoch": 5,
  "best_accuracy": 0.9274028629856851
}