{
  "recommendation_accuracy": [
    0.8936605316973415,
    0.908997955010225,
    0.9161554192229039,
    0.9212678936605317,
    0.9274028629856851,
    0.9202453987730062,
    0.9161554192229039,
    0.9202453987730062,
    0.9192229038854806,
    0.9171779141104295,
    0.9233128834355828,
    0.9212678936605317,
    0.9212678936605317,
    0.918200408997955,
    0.9212678936605317
  ],
  "pricing_r2": [
    0.9754006279276878
  ],
  "epoch_times": [
    3.763086,
    3.574152,
    3.677157,
    4.222224,
    4.405337,
    4.757389,
    5.136939,
    6.004953,
    5.975081,
    6.300511,
    6.234187,
    6.491049,
    7.052649,
    7.270585,
    7.868433
  ],
  "best_epoch": 5,
  "best_accuracy": 0.9274028629856851
}